time,year,month,day,hour,minute,second,millisecond,timestamp,latitude,longitude,depth,mag,magType,nst,gap,dmin,rms,net,id,updated,place_1,place_2,type,horizontalError,depthError,magError,magNst,status,locationSource,magSource
2017-10-24T10:47:47.540Z,2017,10,24,10,47,47,540,1.472E+12,-7.2364,123.0401,549.19,6.7,mww,NA,19,1.601,1.04,us,us1000aw8q,2017-10-25T01:45:11.426Z,141km NNE of Palue, Indonesia,earthquake,8.8,5,0.052,36,reviewed,us,us
2017-10-15T10:16:25.870Z,2017,10,15,10,16,25,870,1.47201E+12,35.834,-90.117,16.61,3.64,mw,69,32,0.04726,0.15,nm,nm60181262,2017-10-20T12:20:44.798Z,6km SE of Manila, Arkansas,earthquake,0.24,0.19,NA,280,reviewed,nm,nm
2017-10-10T18:53:27.770Z,2017,10,10,18,53,27,770,1.47203E+12,-54.2632,8.6363,9,6.7,mww,NA,20,18.17,1.14,us,us1000apql,2017-10-11T14:01:19.040Z,Bouvet Island region,NA,earthquake,6.6,1.6,0.083,14,reviewed,us,us
2017-10-10T06:32:20.800Z,2017,10,10,06,32,20,800,1.47244E+12,-18.5212,-69.6411,82.43,6.3,mww,NA,27,0.224,1.47,us,us2000b3dm,2017-10-13T05:07:03.617Z,36km SSW of Putre, Chile,earthquake,5.9,5.2,0.059,28,reviewed,us,us
2017-10-10T00:53:18.270Z,2017,10,10,00,53,18,270,1.47261E+12,37.3135,-121.672,9.69,4.09,mw,243,23,0.0366,0.16,nc,nc72906781,2017-10-25T02:06:48.165Z,14km ESE of Alum Rock, California,earthquake,0.1,0.2,NA,6,reviewed,nc,nc
2017-10-08T22:34:33.960Z,2017,10,08,22,34,33,960,1.47275E+12,52.4496,176.8078,111.84,6.6,mww,NA,72,1.673,0.79,us,us2000b2vq,2017-10-13T18:58:36.793Z,60km E of Buldir Island, Alaska,earthquake,9.1,8.3,0.073,18,reviewed,us,us
2017-10-08T20:48:58.720Z,2017,10,08,20,48,58,720,1.47287E+12,-61.7431,154.5526,10,6.3,mww,NA,101,7.628,1,us,us2000b2v1,2017-10-10T14:12:58.040Z,Balleny Islands region,Balleny Island,earthquake,10.6,1.9,0.068,21,reviewed,us,us
2017-10-06T07:59:32.880Z,2017,10,06,07,59,32,880,1.4729E+12,37.5033,144.0201,9,6.2,mww,NA,32,2.588,0.88,us,us2000b1v8,2017-10-25T08:32:50.951Z,259km ESE of Ishinomaki, Japan,earthquake,4.5,1.7,0.053,34,reviewed,us,us
2017-09-26T04:20:00.760Z,2017,09,26,04,20,00,760,1.47338E+12,-23.7135,-176.9366,98.07,6.4,mww,NA,22,5.58,1.13,us,us2000autd,2017-09-26T16:50:03.040Z,South of the Fiji Islands,Fiji Island,earthquake,7.3,6.1,0.073,18,reviewed,us,us
